{"cameraMode":{"drawMode":0,"name":"Shaded","section":"Shading Mode"},"sceneLighting":false,"audioPlay":false,"sceneViewState":{"m_AlwaysRefresh":false,"showFog":true,"showSkybox":false,"showFlares":true,"showImageEffects":true,"showParticleSystems":true,"showVisualEffectGraphs":true,"m_FxEnabled":true},"in2DMode":false,"pivot":{"x":-9.162487983703614,"y":-2.6991045475006105,"z":-10.11503791809082},"rotation":{"x":-0.14909911155700684,"y":-0.020456921309232713,"z":-0.0030872575007379057,"w":0.9886021614074707},"size":0.8660253882408142,"orthographic":false}